GOOGL,Alphabet Inc.,156,181,2024-06-26
GOOGL,Alphabet Inc.,245,267,2023-11-27
GOOGL,Alphabet Inc.,283,337,2023-12-20
GOOGL,Alphabet Inc.,142,385,2024-10-17
GOOGL,Alphabet Inc.,221,335,2024-05-25
GOOGL,Alphabet Inc.,157,214,2024-02-10
GOOGL,Alphabet Inc.,195,382,2023-12-26
GOOGL,Alphabet Inc.,157,236,2024-08-18
GOOGL,Alphabet Inc.,306,400,2024-05-17
GOOGL,Alphabet Inc.,266,383,2024-01-07
GOOGL,Alphabet Inc.,307,341,2024-06-27
GOOGL,Alphabet Inc.,164,177,2024-02-25
GOOGL,Alphabet Inc.,196,340,2024-01-29
GOOGL,Alphabet Inc.,52,109,2024-03-19
GOOGL,Alphabet Inc.,188,226,2024-08-30
GOOGL,Alphabet Inc.,258,321,2023-12-27
GOOGL,Alphabet Inc.,211,348,2024-09-12
GOOGL,Alphabet Inc.,74,133,2024-02-25
GOOGL,Alphabet Inc.,170,363,2024-08-20
GOOGL,Alphabet Inc.,135,185,2024-09-21
GOOGL,Alphabet Inc.,324,357,2024-04-01
GOOGL,Alphabet Inc.,104,379,2024-02-11
GOOGL,Alphabet Inc.,297,345,2024-05-13
GOOGL,Alphabet Inc.,329,370,2024-08-10
GOOGL,Alphabet Inc.,129,149,2024-06-03
GOOGL,Alphabet Inc.,173,394,2024-07-07
GOOGL,Alphabet Inc.,131,343,2024-09-30
GOOGL,Alphabet Inc.,304,353,2024-06-09
GOOGL,Alphabet Inc.,240,374,2024-08-02
GOOGL,Alphabet Inc.,180,311,2023-12-17
GOOGL,Alphabet Inc.,110,368,2024-03-31
GOOGL,Alphabet Inc.,116,187,2024-05-06
GOOGL,Alphabet Inc.,270,381,2024-04-28
GOOGL,Alphabet Inc.,172,222,2024-10-01
UBER,Uber Technologies,290,375,2024-05-10
UBER,Uber Technologies,292,375,2024-08-30
UBER,Uber Technologies,203,218,2024-06-21
UBER,Uber Technologies,263,349,2024-02-20
UBER,Uber Technologies,283,294,2024-04-08
UBER,Uber Technologies,286,333,2024-08-17
UBER,Uber Technologies,265,367,2023-11-19
UBER,Uber Technologies,167,273,2024-08-22
UBER,Uber Technologies,150,254,2024-01-28
UBER,Uber Technologies,329,347,2024-06-06
UBER,Uber Technologies,119,147,2024-07-24
UBER,Uber Technologies,157,232,2024-07-23
UBER,Uber Technologies,148,324,2024-01-14
ORCL,Oracle Corp.,111,169,2023-11-16
ORCL,Oracle Corp.,308,369,2024-04-06
ORCL,Oracle Corp.,273,295,2024-03-24
ORCL,Oracle Corp.,192,225,2024-09-09
ORCL,Oracle Corp.,150,381,2024-02-25
ORCL,Oracle Corp.,320,330,2024-10-07
ORCL,Oracle Corp.,73,322,2023-11-08
ORCL,Oracle Corp.,68,246,2024-10-13
ORCL,Oracle Corp.,101,204,2024-09-04
ORCL,Oracle Corp.,122,253,2024-03-18
ORCL,Oracle Corp.,290,314,2024-01-11
ORCL,Oracle Corp.,236,278,2024-05-08
UBER,Uber Technologies,276,349,2024-03-18
UBER,Uber Technologies,177,311,2023-11-24
UBER,Uber Technologies,187,297,2023-12-31
UBER,Uber Technologies,106,227,2024-07-08
UBER,Uber Technologies,182,336,2024-07-15
UBER,Uber Technologies,233,336,2024-07-30
UBER,Uber Technologies,309,374,2024-07-23
UBER,Uber Technologies,106,318,2024-08-05
UBER,Uber Technologies,337,352,2024-06-16
UBER,Uber Technologies,97,400,2024-06-09
UBER,Uber Technologies,328,351,2024-02-12
ADBE,Adobe Inc.,327,376,2024-01-25
ADBE,Adobe Inc.,99,129,2023-11-23
ADBE,Adobe Inc.,51,266,2023-12-26
ADBE,Adobe Inc.,257,370,2024-02-29
ADBE,Adobe Inc.,307,318,2024-04-29
TSLA,Tesla Inc.,283,361,2024-03-26
TSLA,Tesla Inc.,120,355,2024-04-18
TSLA,Tesla Inc.,265,377,2024-02-05
TSLA,Tesla Inc.,127,287,2023-10-28
TSLA,Tesla Inc.,330,348,2023-11-08
TSLA,Tesla Inc.,305,345,2023-12-04
TSLA,Tesla Inc.,256,276,2024-08-09
TSLA,Tesla Inc.,208,371,2024-04-17
TSLA,Tesla Inc.,238,286,2024-01-23
TSLA,Tesla Inc.,224,381,2024-01-04
TSLA,Tesla Inc.,192,366,2024-02-17
TSLA,Tesla Inc.,103,138,2023-12-28
TSLA,Tesla Inc.,342,363,2024-03-03
TSLA,Tesla Inc.,296,359,2024-02-29
TSLA,Tesla Inc.,337,374,2023-12-21
TSLA,Tesla Inc.,330,368,2024-03-27
TSLA,Tesla Inc.,274,364,2024-07-01
TSLA,Tesla Inc.,61,344,2023-11-04
TSLA,Tesla Inc.,66,106,2023-12-07
MSFT,Microsoft Corp.,133,146,2024-07-09
MSFT,Microsoft Corp.,219,294,2023-12-20
MSFT,Microsoft Corp.,348,373,2024-08-21
MSFT,Microsoft Corp.,83,357,2024-08-16
MSFT,Microsoft Corp.,296,356,2024-08-08
SNAP,Snap Inc.,224,265,2023-12-23
SNAP,Snap Inc.,201,389,2024-09-08
SNAP,Snap Inc.,56,270,2024-03-15
SNAP,Snap Inc.,89,276,2023-12-19
SNAP,Snap Inc.,239,298,2023-12-27
SNAP,Snap Inc.,173,342,2024-01-17
SNAP,Snap Inc.,59,163,2023-12-10
SNAP,Snap Inc.,223,394,2024-04-11
SNAP,Snap Inc.,85,208,2024-05-31
SNAP,Snap Inc.,332,385,2024-01-26
SNAP,Snap Inc.,143,308,2024-03-01
SNAP,Snap Inc.,119,234,2024-07-26
SNAP,Snap Inc.,267,278,2024-06-19
SNAP,Snap Inc.,133,329,2024-04-13
SNAP,Snap Inc.,274,350,2024-06-28
SNAP,Snap Inc.,339,372,2024-02-19
TSLA,Tesla Inc.,339,398,2023-11-17
TSLA,Tesla Inc.,90,317,2024-08-02
TSLA,Tesla Inc.,219,229,2024-05-14
TSLA,Tesla Inc.,144,335,2023-10-27
TSLA,Tesla Inc.,326,338,2023-11-10
TSLA,Tesla Inc.,217,333,2024-10-20
TSLA,Tesla Inc.,224,296,2024-07-15
TSLA,Tesla Inc.,125,326,2023-11-21
TSLA,Tesla Inc.,228,348,2024-08-08
TSLA,Tesla Inc.,67,165,2024-07-21
MSFT,Microsoft Corp.,263,322,2024-04-25
MSFT,Microsoft Corp.,96,369,2024-04-29
MSFT,Microsoft Corp.,118,365,2023-12-01
MSFT,Microsoft Corp.,105,217,2024-01-05
MSFT,Microsoft Corp.,309,369,2024-03-16
MSFT,Microsoft Corp.,79,133,2024-08-08
MSFT,Microsoft Corp.,120,349,2024-07-29
MSFT,Microsoft Corp.,273,370,2024-10-01
MSFT,Microsoft Corp.,72,325,2024-04-04
MSFT,Microsoft Corp.,134,236,2024-01-09
MSFT,Microsoft Corp.,182,326,2023-12-09
MSFT,Microsoft Corp.,322,378,2024-08-09
MSFT,Microsoft Corp.,284,362,2024-03-07
MSFT,Microsoft Corp.,262,275,2024-04-06
MSFT,Microsoft Corp.,293,337,2024-06-12
MSFT,Microsoft Corp.,242,358,2023-11-11
MSFT,Microsoft Corp.,199,356,2024-06-19
MSFT,Microsoft Corp.,115,249,2024-01-23
MSFT,Microsoft Corp.,308,362,2023-10-26
MSFT,Microsoft Corp.,143,242,2023-11-01
NFLX,Netflix Inc.,97,379,2023-12-10
NFLX,Netflix Inc.,61,335,2024-07-06
NFLX,Netflix Inc.,289,376,2023-11-12
NFLX,Netflix Inc.,314,335,2023-11-23
NFLX,Netflix Inc.,58,284,2023-12-25
NFLX,Netflix Inc.,72,269,2024-04-23
NFLX,Netflix Inc.,349,360,2024-03-13
NFLX,Netflix Inc.,195,327,2024-07-17
NFLX,Netflix Inc.,320,396,2023-11-11
NFLX,Netflix Inc.,137,246,2024-06-12
NFLX,Netflix Inc.,194,332,2024-05-04
NFLX,Netflix Inc.,235,332,2024-05-17
NVDA,NVIDIA Corp.,182,302,2024-07-22
NVDA,NVIDIA Corp.,148,170,2024-07-14
NVDA,NVIDIA Corp.,145,222,2024-09-10
NVDA,NVIDIA Corp.,134,221,2024-06-29
NVDA,NVIDIA Corp.,233,341,2024-05-06
NVDA,NVIDIA Corp.,325,372,2024-07-11
NVDA,NVIDIA Corp.,228,271,2024-05-29
NVDA,NVIDIA Corp.,203,249,2024-09-04
NVDA,NVIDIA Corp.,253,344,2024-09-24
NVDA,NVIDIA Corp.,316,349,2023-12-02
NVDA,NVIDIA Corp.,180,231,2024-03-21
NVDA,NVIDIA Corp.,126,206,2023-10-24
NVDA,NVIDIA Corp.,85,241,2024-09-18
NVDA,NVIDIA Corp.,281,326,2023-11-10
NVDA,NVIDIA Corp.,204,386,2024-05-31
NVDA,NVIDIA Corp.,260,354,2024-05-07
NVDA,NVIDIA Corp.,64,341,2023-11-27
SNAP,Snap Inc.,144,342,2024-01-27
SNAP,Snap Inc.,62,277,2024-07-03
SNAP,Snap Inc.,119,281,2024-07-08
SNAP,Snap Inc.,322,382,2024-08-21
SNAP,Snap Inc.,250,340,2024-10-03
SNAP,Snap Inc.,99,346,2024-01-25
AMZN,Amazon.com Inc.,314,337,2024-05-26
AMZN,Amazon.com Inc.,182,317,2024-05-02
AMZN,Amazon.com Inc.,302,370,2024-01-17
AMZN,Amazon.com Inc.,322,366,2024-06-09
AMZN,Amazon.com Inc.,307,347,2024-09-27
AMZN,Amazon.com Inc.,116,229,2024-01-04
AMZN,Amazon.com Inc.,324,350,2024-06-05
AMZN,Amazon.com Inc.,79,219,2023-10-29
AMZN,Amazon.com Inc.,269,384,2024-07-08
AMZN,Amazon.com Inc.,324,362,2023-12-29
AMZN,Amazon.com Inc.,316,367,2024-04-21
AMZN,Amazon.com Inc.,331,384,2023-10-25
AMZN,Amazon.com Inc.,339,388,2024-03-24
AMZN,Amazon.com Inc.,279,364,2023-11-19
AMZN,Amazon.com Inc.,253,272,2024-05-31
AMZN,Amazon.com Inc.,105,328,2024-05-10
AMZN,Amazon.com Inc.,228,339,2024-09-21
AMZN,Amazon.com Inc.,268,300,2024-08-07
CRM,Salesforce Inc.,190,373,2023-12-27
CRM,Salesforce Inc.,247,324,2024-04-02
CRM,Salesforce Inc.,243,304,2024-08-14
CRM,Salesforce Inc.,286,340,2024-05-23
CRM,Salesforce Inc.,216,375,2024-05-12
CRM,Salesforce Inc.,219,303,2023-12-16
CRM,Salesforce Inc.,272,301,2024-05-23
CRM,Salesforce Inc.,326,390,2024-04-14
CRM,Salesforce Inc.,240,331,2024-06-02
CRM,Salesforce Inc.,227,322,2024-10-12
CRM,Salesforce Inc.,85,159,2023-11-26
CRM,Salesforce Inc.,159,390,2024-02-06
CRM,Salesforce Inc.,206,393,2024-05-25
CRM,Salesforce Inc.,165,181,2024-09-29
CRM,Salesforce Inc.,342,367,2024-09-08
SNAP,Snap Inc.,135,162,2024-07-28
SNAP,Snap Inc.,215,373,2024-07-23
SNAP,Snap Inc.,318,345,2024-02-14
SNAP,Snap Inc.,172,182,2023-11-06
SNAP,Snap Inc.,272,371,2024-04-05
NVDA,NVIDIA Corp.,332,347,2024-09-10
NVDA,NVIDIA Corp.,230,240,2023-11-27
NVDA,NVIDIA Corp.,92,321,2024-02-22
NVDA,NVIDIA Corp.,205,397,2024-08-03
NVDA,NVIDIA Corp.,148,240,2023-11-19
NVDA,NVIDIA Corp.,171,301,2024-03-22
NVDA,NVIDIA Corp.,184,297,2024-08-12
NVDA,NVIDIA Corp.,344,354,2024-03-10
NVDA,NVIDIA Corp.,240,321,2024-07-04
NVDA,NVIDIA Corp.,298,377,2024-04-28
NVDA,NVIDIA Corp.,120,377,2024-03-29
NVDA,NVIDIA Corp.,191,374,2024-07-26
NVDA,NVIDIA Corp.,315,398,2023-12-03
NFLX,Netflix Inc.,156,223,2024-04-14
NFLX,Netflix Inc.,345,397,2024-09-07
NFLX,Netflix Inc.,181,395,2024-05-19
NFLX,Netflix Inc.,225,271,2024-02-03
NFLX,Netflix Inc.,342,378,2024-01-05
NFLX,Netflix Inc.,344,400,2024-06-09
NFLX,Netflix Inc.,325,367,2023-12-20
NFLX,Netflix Inc.,249,265,2024-04-18
NFLX,Netflix Inc.,349,385,2024-09-09
NFLX,Netflix Inc.,176,372,2024-05-03
TSLA,Tesla Inc.,184,345,2024-10-20
TSLA,Tesla Inc.,258,280,2024-01-03
TSLA,Tesla Inc.,316,363,2023-11-12
TSLA,Tesla Inc.,74,180,2024-03-26
TSLA,Tesla Inc.,272,389,2024-03-15
TSLA,Tesla Inc.,191,217,2024-07-03
TSLA,Tesla Inc.,139,211,2023-11-11
TSLA,Tesla Inc.,126,159,2024-03-07
TSLA,Tesla Inc.,141,199,2024-05-07
TSLA,Tesla Inc.,263,345,2024-03-26
TSLA,Tesla Inc.,139,160,2024-05-31
TSLA,Tesla Inc.,231,311,2023-12-10
TSLA,Tesla Inc.,185,386,2024-10-18
TSLA,Tesla Inc.,270,344,2024-08-17
TSLA,Tesla Inc.,334,394,2024-06-11
TSLA,Tesla Inc.,175,237,2024-10-04
TSLA,Tesla Inc.,90,356,2023-12-12
TSLA,Tesla Inc.,148,369,2024-08-31
TSLA,Tesla Inc.,213,309,2024-06-24
META,Meta Platforms,142,166,2024-05-08
META,Meta Platforms,83,209,2024-08-16
META,Meta Platforms,115,253,2024-07-12
META,Meta Platforms,183,218,2024-05-16
META,Meta Platforms,300,336,2024-08-17
META,Meta Platforms,268,285,2024-01-18
META,Meta Platforms,109,290,2023-11-08
META,Meta Platforms,296,335,2023-12-01
META,Meta Platforms,220,310,2023-12-31
META,Meta Platforms,226,247,2023-12-28
META,Meta Platforms,246,323,2024-10-01
META,Meta Platforms,181,280,2024-03-30
META,Meta Platforms,252,278,2024-08-13
META,Meta Platforms,113,330,2024-04-23
META,Meta Platforms,86,307,2024-05-16
META,Meta Platforms,130,269,2024-09-05
META,Meta Platforms,343,362,2023-11-29
META,Meta Platforms,258,380,2023-11-02
INTC,Intel Corp.,218,349,2024-08-11
INTC,Intel Corp.,107,269,2024-05-13
INTC,Intel Corp.,101,143,2024-02-22
INTC,Intel Corp.,188,326,2024-03-01
INTC,Intel Corp.,339,361,2024-03-10
INTC,Intel Corp.,74,186,2023-11-21
INTC,Intel Corp.,123,392,2023-12-14
INTC,Intel Corp.,243,337,2024-02-23
INTC,Intel Corp.,157,172,2024-06-24
INTC,Intel Corp.,274,381,2023-12-08
INTC,Intel Corp.,107,277,2024-04-06
INTC,Intel Corp.,257,332,2023-11-04
ORCL,Oracle Corp.,172,357,2023-11-04
ORCL,Oracle Corp.,177,350,2024-08-12
ORCL,Oracle Corp.,327,371,2024-08-26
ORCL,Oracle Corp.,160,250,2024-08-19
ORCL,Oracle Corp.,285,366,2024-02-10
ORCL,Oracle Corp.,287,372,2024-10-01
NFLX,Netflix Inc.,113,260,2024-06-29
NFLX,Netflix Inc.,129,368,2024-10-14
NFLX,Netflix Inc.,150,214,2024-09-01
NFLX,Netflix Inc.,165,216,2023-12-15
NFLX,Netflix Inc.,295,335,2023-10-31
NFLX,Netflix Inc.,94,104,2024-03-04
NFLX,Netflix Inc.,214,314,2024-09-27
NFLX,Netflix Inc.,172,351,2024-07-28
NFLX,Netflix Inc.,346,364,2024-08-27
NFLX,Netflix Inc.,296,385,2024-05-30
NFLX,Netflix Inc.,337,383,2024-09-30
NFLX,Netflix Inc.,72,343,2024-01-08
NFLX,Netflix Inc.,322,393,2024-10-14
NFLX,Netflix Inc.,240,295,2024-05-27
NFLX,Netflix Inc.,163,269,2024-08-31
CSCO,Cisco Systems,213,373,2024-10-07
CSCO,Cisco Systems,330,397,2024-01-11
CSCO,Cisco Systems,318,355,2023-11-23
CSCO,Cisco Systems,183,361,2024-04-18
CSCO,Cisco Systems,135,241,2024-05-08
CSCO,Cisco Systems,133,179,2024-01-19
CSCO,Cisco Systems,197,240,2024-06-13
CSCO,Cisco Systems,203,340,2024-07-03
CSCO,Cisco Systems,234,306,2024-06-07
CSCO,Cisco Systems,295,338,2023-11-23
CSCO,Cisco Systems,247,293,2023-12-02
CSCO,Cisco Systems,177,225,2024-06-03
CSCO,Cisco Systems,236,249,2024-07-07
CSCO,Cisco Systems,332,399,2024-03-30
CSCO,Cisco Systems,175,226,2024-09-17
CSCO,Cisco Systems,115,172,2024-08-02
CSCO,Cisco Systems,255,279,2024-01-17
CSCO,Cisco Systems,346,382,2023-10-30
CSCO,Cisco Systems,313,358,2024-01-02
CSCO,Cisco Systems,324,369,2023-11-26
CRM,Salesforce Inc.,136,167,2024-08-14
CRM,Salesforce Inc.,122,139,2024-09-10
CRM,Salesforce Inc.,336,351,2024-08-14
CRM,Salesforce Inc.,139,179,2024-01-20
CRM,Salesforce Inc.,236,305,2023-10-30
CRM,Salesforce Inc.,305,388,2024-01-06
CRM,Salesforce Inc.,133,198,2024-06-24
CRM,Salesforce Inc.,321,371,2024-08-07
CRM,Salesforce Inc.,295,347,2023-11-18
CRM,Salesforce Inc.,66,160,2023-11-01
CRM,Salesforce Inc.,260,348,2024-03-09
CRM,Salesforce Inc.,100,290,2024-03-08
CRM,Salesforce Inc.,61,85,2024-05-18
CRM,Salesforce Inc.,140,254,2023-12-17
CRM,Salesforce Inc.,132,233,2024-01-10
CRM,Salesforce Inc.,227,339,2024-01-03
CRM,Salesforce Inc.,116,177,2024-05-01
CRM,Salesforce Inc.,52,390,2024-05-27
GOOGL,Alphabet Inc.,205,257,2024-10-09
GOOGL,Alphabet Inc.,95,370,2024-03-18
GOOGL,Alphabet Inc.,119,372,2024-07-20
GOOGL,Alphabet Inc.,213,235,2024-09-03
GOOGL,Alphabet Inc.,182,223,2023-11-12
GOOGL,Alphabet Inc.,196,254,2024-02-17
GOOGL,Alphabet Inc.,75,332,2024-05-19
GOOGL,Alphabet Inc.,264,376,2024-05-19
GOOGL,Alphabet Inc.,76,259,2024-08-29
GOOGL,Alphabet Inc.,147,285,2024-09-04
GOOGL,Alphabet Inc.,89,235,2024-07-30
GOOGL,Alphabet Inc.,273,349,2023-10-25
GOOGL,Alphabet Inc.,55,395,2024-05-20
GOOGL,Alphabet Inc.,306,318,2024-10-19
GOOGL,Alphabet Inc.,183,369,2024-02-06
GOOGL,Alphabet Inc.,299,393,2024-04-20
GOOGL,Alphabet Inc.,77,357,2024-09-18
GOOGL,Alphabet Inc.,349,388,2024-07-29
GOOGL,Alphabet Inc.,256,308,2024-08-22
PINS,Pinterest Inc.,234,286,2024-02-26
PINS,Pinterest Inc.,75,200,2024-05-01
PINS,Pinterest Inc.,137,216,2024-07-20
PINS,Pinterest Inc.,314,353,2024-04-06
PINS,Pinterest Inc.,84,150,2023-10-24
PINS,Pinterest Inc.,276,317,2024-02-15
PINS,Pinterest Inc.,107,123,2024-04-06
DIS,Walt Disney Co.,138,360,2023-11-18
DIS,Walt Disney Co.,238,347,2023-11-07
DIS,Walt Disney Co.,202,347,2024-03-02
DIS,Walt Disney Co.,53,256,2024-01-31
DIS,Walt Disney Co.,321,339,2023-10-26
DIS,Walt Disney Co.,144,154,2024-03-05
DIS,Walt Disney Co.,158,257,2023-12-27
DIS,Walt Disney Co.,124,258,2024-07-09
DIS,Walt Disney Co.,70,165,2024-07-13
DIS,Walt Disney Co.,262,323,2023-11-14
MSFT,Microsoft Corp.,212,319,2024-02-26
MSFT,Microsoft Corp.,190,288,2024-01-30
MSFT,Microsoft Corp.,112,302,2023-12-19
MSFT,Microsoft Corp.,154,357,2024-02-11
MSFT,Microsoft Corp.,306,370,2024-03-29
MSFT,Microsoft Corp.,236,397,2023-11-01
MSFT,Microsoft Corp.,307,365,2024-01-13
MSFT,Microsoft Corp.,269,355,2023-11-15
MSFT,Microsoft Corp.,328,353,2024-09-09
MSFT,Microsoft Corp.,301,333,2023-11-08
MSFT,Microsoft Corp.,348,362,2023-12-12
MSFT,Microsoft Corp.,306,356,2024-09-06
MSFT,Microsoft Corp.,307,352,2024-04-18
NVDA,NVIDIA Corp.,147,286,2024-04-09
NVDA,NVIDIA Corp.,85,296,2024-10-07
NVDA,NVIDIA Corp.,259,400,2024-03-19
NVDA,NVIDIA Corp.,69,210,2024-10-15
NVDA,NVIDIA Corp.,71,387,2024-10-13
NVDA,NVIDIA Corp.,102,333,2024-02-06
NVDA,NVIDIA Corp.,345,377,2024-07-06
NVDA,NVIDIA Corp.,225,279,2023-12-11
NVDA,NVIDIA Corp.,162,221,2024-06-17
NVDA,NVIDIA Corp.,176,301,2023-11-06
NVDA,NVIDIA Corp.,185,292,2024-05-28
NVDA,NVIDIA Corp.,314,324,2024-03-15
NVDA,NVIDIA Corp.,259,352,2024-06-02
NVDA,NVIDIA Corp.,235,383,2024-06-19
NVDA,NVIDIA Corp.,117,130,2024-09-03
NVDA,NVIDIA Corp.,176,186,2024-05-18
NVDA,NVIDIA Corp.,113,334,2024-08-05
NVDA,NVIDIA Corp.,130,209,2024-03-20
NVDA,NVIDIA Corp.,274,377,2024-10-06
NVDA,NVIDIA Corp.,336,354,2024-10-11
NFLX,Netflix Inc.,189,351,2023-11-07
NFLX,Netflix Inc.,275,364,2024-05-14
NFLX,Netflix Inc.,218,295,2024-04-04
NFLX,Netflix Inc.,325,385,2023-11-11
NFLX,Netflix Inc.,289,354,2023-11-08
NFLX,Netflix Inc.,337,393,2024-03-29
NFLX,Netflix Inc.,69,219,2023-11-06
NFLX,Netflix Inc.,96,360,2024-08-22
NFLX,Netflix Inc.,169,232,2024-04-12
NFLX,Netflix Inc.,90,186,2024-04-28
NFLX,Netflix Inc.,152,368,2023-12-21
MSFT,Microsoft Corp.,98,189,2023-12-21
MSFT,Microsoft Corp.,86,295,2024-03-22
MSFT,Microsoft Corp.,272,284,2024-07-06
MSFT,Microsoft Corp.,317,345,2024-02-29
MSFT,Microsoft Corp.,348,396,2024-03-16
MSFT,Microsoft Corp.,307,361,2023-12-24
MSFT,Microsoft Corp.,108,317,2023-12-03
MSFT,Microsoft Corp.,129,331,2024-01-28
MSFT,Microsoft Corp.,230,256,2023-12-05
MSFT,Microsoft Corp.,263,379,2024-03-21
MSFT,Microsoft Corp.,250,302,2024-08-08
MSFT,Microsoft Corp.,192,206,2024-05-01
META,Meta Platforms,82,343,2023-11-26
META,Meta Platforms,79,239,2023-12-28
META,Meta Platforms,246,349,2023-12-22
META,Meta Platforms,164,218,2024-09-24
META,Meta Platforms,121,288,2024-04-10
META,Meta Platforms,300,354,2024-03-27
META,Meta Platforms,79,325,2023-12-08
META,Meta Platforms,132,375,2024-03-08
META,Meta Platforms,74,354,2024-07-21
META,Meta Platforms,165,280,2024-07-02
META,Meta Platforms,98,152,2024-01-11
META,Meta Platforms,110,375,2024-05-24
META,Meta Platforms,314,396,2024-02-07
META,Meta Platforms,324,351,2024-01-12
META,Meta Platforms,280,400,2023-12-23
META,Meta Platforms,300,376,2024-07-20
GOOGL,Alphabet Inc.,81,387,2024-07-01
GOOGL,Alphabet Inc.,113,246,2024-07-19
GOOGL,Alphabet Inc.,64,141,2024-07-23
GOOGL,Alphabet Inc.,164,229,2024-08-25
GOOGL,Alphabet Inc.,235,251,2024-08-01
GOOGL,Alphabet Inc.,297,400,2023-11-12
GOOGL,Alphabet Inc.,106,305,2024-10-02
GOOGL,Alphabet Inc.,340,393,2024-03-23
GOOGL,Alphabet Inc.,283,332,2024-04-15
GOOGL,Alphabet Inc.,206,336,2024-04-08
GOOGL,Alphabet Inc.,119,289,2024-09-09
GOOGL,Alphabet Inc.,196,240,2024-09-06
GOOGL,Alphabet Inc.,237,337,2024-04-17
GOOGL,Alphabet Inc.,99,132,2023-12-29
GOOGL,Alphabet Inc.,178,233,2024-04-01
ORCL,Oracle Corp.,340,353,2024-07-27
ORCL,Oracle Corp.,88,323,2024-04-30
ORCL,Oracle Corp.,98,259,2023-10-25
ORCL,Oracle Corp.,282,344,2024-07-19
ORCL,Oracle Corp.,266,345,2024-08-07
ORCL,Oracle Corp.,111,311,2024-09-22
ORCL,Oracle Corp.,70,120,2023-11-11
ORCL,Oracle Corp.,99,357,2024-01-14
ORCL,Oracle Corp.,261,350,2023-12-31
ORCL,Oracle Corp.,97,119,2024-10-10
ORCL,Oracle Corp.,60,202,2024-07-19
ORCL,Oracle Corp.,326,378,2023-12-31
ORCL,Oracle Corp.,167,323,2023-11-08
ORCL,Oracle Corp.,300,372,2024-06-22
ORCL,Oracle Corp.,215,333,2024-08-28
DIS,Walt Disney Co.,266,319,2024-05-12
DIS,Walt Disney Co.,133,308,2024-05-05
DIS,Walt Disney Co.,230,247,2024-01-19
DIS,Walt Disney Co.,97,117,2024-04-04
DIS,Walt Disney Co.,131,307,2024-04-21
DIS,Walt Disney Co.,274,362,2024-01-02
DIS,Walt Disney Co.,255,274,2024-07-26
DIS,Walt Disney Co.,329,357,2024-01-01
DIS,Walt Disney Co.,104,255,2024-03-03
DIS,Walt Disney Co.,203,254,2024-04-18
DIS,Walt Disney Co.,132,172,2023-11-06
DIS,Walt Disney Co.,171,222,2023-10-27
DIS,Walt Disney Co.,299,342,2024-08-02
DIS,Walt Disney Co.,300,390,2024-01-01
DIS,Walt Disney Co.,133,183,2023-12-09
DIS,Walt Disney Co.,254,354,2024-03-17
DIS,Walt Disney Co.,196,223,2023-11-27
DIS,Walt Disney Co.,131,353,2024-06-21
DIS,Walt Disney Co.,290,316,2024-06-25
DIS,Walt Disney Co.,238,285,2024-03-04
META,Meta Platforms,56,250,2024-04-28
META,Meta Platforms,287,392,2024-10-14
META,Meta Platforms,230,289,2024-10-12
META,Meta Platforms,154,216,2023-11-19
META,Meta Platforms,87,243,2024-06-09
META,Meta Platforms,226,349,2024-10-06
META,Meta Platforms,202,259,2024-09-19
META,Meta Platforms,123,152,2024-02-01
META,Meta Platforms,189,382,2024-01-27
BABA,Alibaba Group,244,270,2024-10-20
BABA,Alibaba Group,207,360,2024-01-28
BABA,Alibaba Group,138,250,2023-11-25
BABA,Alibaba Group,123,377,2024-08-17
BABA,Alibaba Group,327,398,2024-04-25
BABA,Alibaba Group,252,371,2024-10-18
BABA,Alibaba Group,305,395,2024-04-20
BABA,Alibaba Group,164,251,2024-07-25
BABA,Alibaba Group,67,347,2023-11-29
BABA,Alibaba Group,134,156,2024-08-20
BABA,Alibaba Group,161,260,2024-09-28
BABA,Alibaba Group,199,365,2023-10-30
BABA,Alibaba Group,312,344,2023-11-17
BABA,Alibaba Group,224,337,2024-06-13
BABA,Alibaba Group,91,281,2024-05-16
META,Meta Platforms,249,338,2023-11-14
META,Meta Platforms,170,281,2024-01-29
META,Meta Platforms,348,384,2024-09-11
META,Meta Platforms,56,210,2024-05-25
META,Meta Platforms,314,330,2024-08-15
META,Meta Platforms,52,91,2024-03-27
META,Meta Platforms,92,317,2024-05-11
META,Meta Platforms,280,331,2024-08-12
META,Meta Platforms,245,334,2024-03-21
META,Meta Platforms,149,317,2024-06-16
META,Meta Platforms,253,340,2024-08-18
META,Meta Platforms,228,285,2024-02-19
META,Meta Platforms,82,367,2024-07-14
META,Meta Platforms,337,367,2024-07-31
META,Meta Platforms,54,120,2024-09-26
META,Meta Platforms,98,220,2023-10-30
META,Meta Platforms,264,397,2024-03-24
META,Meta Platforms,218,354,2023-11-05
MSFT,Microsoft Corp.,143,175,2024-09-01
MSFT,Microsoft Corp.,337,348,2024-02-04
MSFT,Microsoft Corp.,79,357,2024-08-28
MSFT,Microsoft Corp.,100,161,2023-12-17
MSFT,Microsoft Corp.,217,271,2024-01-06
MSFT,Microsoft Corp.,171,344,2024-01-31
MSFT,Microsoft Corp.,91,383,2024-02-14
MSFT,Microsoft Corp.,116,246,2024-07-13
MSFT,Microsoft Corp.,272,288,2024-09-17
MSFT,Microsoft Corp.,90,134,2024-05-05
MSFT,Microsoft Corp.,271,292,2024-04-28
MSFT,Microsoft Corp.,216,385,2024-08-15
MSFT,Microsoft Corp.,183,348,2024-09-15
ORCL,Oracle Corp.,175,266,2024-09-23
ORCL,Oracle Corp.,103,131,2024-08-31
ORCL,Oracle Corp.,312,341,2024-09-30
ORCL,Oracle Corp.,253,369,2023-12-21
ORCL,Oracle Corp.,295,345,2024-04-16
ORCL,Oracle Corp.,291,396,2024-10-07
ORCL,Oracle Corp.,344,387,2023-11-26
ORCL,Oracle Corp.,194,395,2024-03-23
ORCL,Oracle Corp.,98,302,2024-03-31
ORCL,Oracle Corp.,196,379,2024-07-07
ORCL,Oracle Corp.,311,327,2024-01-24
ORCL,Oracle Corp.,135,374,2024-06-19
ORCL,Oracle Corp.,311,322,2023-12-09
ORCL,Oracle Corp.,83,392,2024-06-26
ORCL,Oracle Corp.,121,278,2024-07-25
ORCL,Oracle Corp.,326,390,2024-03-14
PINS,Pinterest Inc.,345,381,2024-03-24
PINS,Pinterest Inc.,109,156,2024-02-04
PINS,Pinterest Inc.,163,351,2024-10-08
PINS,Pinterest Inc.,137,299,2024-04-26
PINS,Pinterest Inc.,138,361,2023-11-20
PINS,Pinterest Inc.,250,303,2024-01-03
PINS,Pinterest Inc.,108,165,2024-01-05
PINS,Pinterest Inc.,243,384,2024-06-13
PINS,Pinterest Inc.,134,187,2024-08-08
IBM,International Business Machines,185,243,2024-03-30
IBM,International Business Machines,96,184,2024-06-04
IBM,International Business Machines,340,383,2024-03-28
IBM,International Business Machines,185,377,2024-07-23
IBM,International Business Machines,231,307,2024-02-22
IBM,International Business Machines,326,347,2023-12-04
IBM,International Business Machines,194,213,2024-09-14
IBM,International Business Machines,69,198,2024-09-25
PINS,Pinterest Inc.,147,373,2024-06-09
PINS,Pinterest Inc.,245,272,2024-05-13
PINS,Pinterest Inc.,176,317,2024-03-31
PINS,Pinterest Inc.,99,186,2024-02-26
PINS,Pinterest Inc.,142,396,2024-07-31
PINS,Pinterest Inc.,301,316,2024-10-17
DIS,Walt Disney Co.,251,325,2023-12-30
DIS,Walt Disney Co.,124,319,2024-02-22
DIS,Walt Disney Co.,322,397,2024-03-09
DIS,Walt Disney Co.,134,286,2024-06-04
DIS,Walt Disney Co.,177,260,2024-03-23
GOOGL,Alphabet Inc.,339,400,2024-05-03
GOOGL,Alphabet Inc.,188,327,2024-10-20
GOOGL,Alphabet Inc.,215,365,2024-02-07
GOOGL,Alphabet Inc.,238,372,2024-02-07
GOOGL,Alphabet Inc.,78,355,2023-12-05
GOOGL,Alphabet Inc.,263,317,2023-10-27
GOOGL,Alphabet Inc.,242,290,2024-10-10
GOOGL,Alphabet Inc.,58,391,2024-03-03
GOOGL,Alphabet Inc.,233,266,2023-10-28
CRM,Salesforce Inc.,306,369,2024-04-09
CRM,Salesforce Inc.,208,388,2023-12-04
CRM,Salesforce Inc.,135,179,2024-03-31
CRM,Salesforce Inc.,252,378,2024-09-13
CRM,Salesforce Inc.,307,368,2024-01-16
CRM,Salesforce Inc.,111,169,2024-08-01
SNAP,Snap Inc.,110,132,2023-11-26
SNAP,Snap Inc.,334,383,2024-03-18
SNAP,Snap Inc.,88,131,2024-05-18
SNAP,Snap Inc.,272,377,2023-12-24
SNAP,Snap Inc.,350,365,2024-03-28
SNAP,Snap Inc.,164,319,2024-06-27
SNAP,Snap Inc.,146,370,2024-04-26
MSFT,Microsoft Corp.,245,330,2024-01-16
MSFT,Microsoft Corp.,136,298,2024-08-17
MSFT,Microsoft Corp.,278,305,2024-03-13
MSFT,Microsoft Corp.,235,354,2024-05-28
MSFT,Microsoft Corp.,79,147,2024-02-26
MSFT,Microsoft Corp.,189,272,2024-04-01
MSFT,Microsoft Corp.,260,350,2024-01-12
SNAP,Snap Inc.,213,281,2024-08-27
SNAP,Snap Inc.,230,326,2024-08-19
SNAP,Snap Inc.,196,352,2024-10-09
SNAP,Snap Inc.,319,389,2023-12-31
SNAP,Snap Inc.,257,273,2024-09-30
SNAP,Snap Inc.,333,357,2024-08-27
SNAP,Snap Inc.,339,380,2024-07-17
SNAP,Snap Inc.,207,365,2024-01-30
SNAP,Snap Inc.,219,262,2023-11-15
SNAP,Snap Inc.,185,272,2024-02-18
SNAP,Snap Inc.,319,350,2024-09-13
SNAP,Snap Inc.,103,396,2024-06-30
SNAP,Snap Inc.,155,323,2024-09-13
GOOGL,Alphabet Inc.,286,398,2024-08-29
GOOGL,Alphabet Inc.,195,346,2024-04-13
GOOGL,Alphabet Inc.,239,336,2023-10-23
GOOGL,Alphabet Inc.,322,392,2024-08-02
GOOGL,Alphabet Inc.,129,390,2024-10-09
GOOGL,Alphabet Inc.,250,269,2024-05-03
ORCL,Oracle Corp.,130,326,2023-11-12
ORCL,Oracle Corp.,115,347,2024-07-04
ORCL,Oracle Corp.,315,386,2024-07-10
ORCL,Oracle Corp.,84,295,2024-04-20
ORCL,Oracle Corp.,71,383,2024-01-13
ORCL,Oracle Corp.,147,294,2024-06-07
ORCL,Oracle Corp.,282,314,2024-04-23
ORCL,Oracle Corp.,91,240,2024-05-14
NVDA,NVIDIA Corp.,343,374,2024-04-18
NVDA,NVIDIA Corp.,335,354,2024-08-25
NVDA,NVIDIA Corp.,275,349,2024-03-10
NVDA,NVIDIA Corp.,306,392,2024-06-06
NVDA,NVIDIA Corp.,102,217,2024-05-04
NVDA,NVIDIA Corp.,70,111,2024-04-21
NVDA,NVIDIA Corp.,231,325,2024-03-18
NVDA,NVIDIA Corp.,143,244,2024-01-16
NVDA,NVIDIA Corp.,223,341,2024-09-03
NVDA,NVIDIA Corp.,326,393,2024-03-02
NVDA,NVIDIA Corp.,64,328,2023-11-25
NFLX,Netflix Inc.,233,339,2024-08-30
NFLX,Netflix Inc.,53,302,2024-10-21
NFLX,Netflix Inc.,165,314,2024-10-09
NFLX,Netflix Inc.,168,233,2024-10-05
NFLX,Netflix Inc.,143,378,2024-01-25
NFLX,Netflix Inc.,190,400,2024-05-31
AAPL,Apple Inc.,335,374,2023-12-13
AAPL,Apple Inc.,128,225,2023-11-16
AAPL,Apple Inc.,144,222,2024-07-15
AAPL,Apple Inc.,244,333,2024-07-08
AAPL,Apple Inc.,201,395,2024-06-24
AAPL,Apple Inc.,77,129,2024-09-21
AAPL,Apple Inc.,344,395,2024-07-27
AAPL,Apple Inc.,164,232,2024-08-17
AAPL,Apple Inc.,161,188,2024-06-23
AAPL,Apple Inc.,292,380,2024-02-19
CRM,Salesforce Inc.,309,382,2024-03-28
CRM,Salesforce Inc.,257,357,2024-05-09
CRM,Salesforce Inc.,128,247,2024-07-06
CRM,Salesforce Inc.,221,275,2024-09-30
CRM,Salesforce Inc.,285,332,2023-11-11
CRM,Salesforce Inc.,282,326,2024-06-21
CRM,Salesforce Inc.,274,351,2024-03-08
CRM,Salesforce Inc.,51,191,2024-06-14
CRM,Salesforce Inc.,130,215,2023-11-19
CRM,Salesforce Inc.,230,344,2023-11-14
CRM,Salesforce Inc.,273,328,2024-05-23
CRM,Salesforce Inc.,114,352,2023-12-25
CRM,Salesforce Inc.,136,319,2024-05-19
CRM,Salesforce Inc.,176,383,2024-08-22
CRM,Salesforce Inc.,57,141,2023-11-05
CRM,Salesforce Inc.,211,315,2024-09-23
CRM,Salesforce Inc.,56,369,2024-06-26
INTC,Intel Corp.,347,378,2024-09-15
INTC,Intel Corp.,237,267,2024-08-27
INTC,Intel Corp.,247,376,2023-12-20
INTC,Intel Corp.,337,393,2024-08-22
INTC,Intel Corp.,190,339,2024-09-10
INTC,Intel Corp.,344,396,2024-02-05
TSLA,Tesla Inc.,160,315,2024-10-10
TSLA,Tesla Inc.,155,388,2024-04-15
TSLA,Tesla Inc.,292,369,2024-07-18
TSLA,Tesla Inc.,93,323,2024-01-08
TSLA,Tesla Inc.,332,393,2024-09-12
TSLA,Tesla Inc.,241,268,2024-10-21
TSLA,Tesla Inc.,100,321,2023-12-09
BABA,Alibaba Group,253,372,2024-10-07
BABA,Alibaba Group,320,352,2024-06-18
BABA,Alibaba Group,110,191,2024-08-17
BABA,Alibaba Group,289,326,2024-07-27
BABA,Alibaba Group,218,258,2024-01-11
BABA,Alibaba Group,297,327,2023-11-30
BABA,Alibaba Group,276,324,2024-01-18
BABA,Alibaba Group,169,311,2023-11-25
BABA,Alibaba Group,258,377,2024-10-10
BABA,Alibaba Group,257,376,2024-02-10
BABA,Alibaba Group,308,392,2024-03-23
SNAP,Snap Inc.,133,328,2023-11-22
SNAP,Snap Inc.,96,220,2024-04-21
SNAP,Snap Inc.,337,388,2024-08-22
SNAP,Snap Inc.,322,337,2024-08-31
SNAP,Snap Inc.,130,248,2024-05-05
SNAP,Snap Inc.,215,377,2024-05-08
SNAP,Snap Inc.,315,345,2024-01-11
TSLA,Tesla Inc.,168,186,2024-05-18
TSLA,Tesla Inc.,212,380,2024-01-26
TSLA,Tesla Inc.,166,280,2024-03-27
TSLA,Tesla Inc.,233,253,2024-05-15
TSLA,Tesla Inc.,172,357,2024-08-29
TSLA,Tesla Inc.,71,183,2023-12-15
TSLA,Tesla Inc.,205,362,2024-01-15
TSLA,Tesla Inc.,209,329,2024-07-02
TSLA,Tesla Inc.,237,265,2024-02-03
TSLA,Tesla Inc.,62,347,2024-07-29
TSLA,Tesla Inc.,85,379,2024-05-10
TSLA,Tesla Inc.,311,380,2024-07-28
PINS,Pinterest Inc.,119,162,2023-11-22
PINS,Pinterest Inc.,301,352,2024-03-12
PINS,Pinterest Inc.,181,400,2024-08-26
PINS,Pinterest Inc.,308,338,2024-05-30
PINS,Pinterest Inc.,335,363,2024-07-02
PINS,Pinterest Inc.,190,343,2024-08-31
PINS,Pinterest Inc.,133,307,2024-04-13
PINS,Pinterest Inc.,345,361,2024-04-13
SPOT,Spotify Technology,272,300,2024-06-06
SPOT,Spotify Technology,63,269,2024-04-10
SPOT,Spotify Technology,337,400,2024-01-10
SPOT,Spotify Technology,209,325,2024-09-20
SPOT,Spotify Technology,331,344,2024-01-24
SPOT,Spotify Technology,99,131,2024-02-05
SPOT,Spotify Technology,119,185,2024-09-28
SPOT,Spotify Technology,302,397,2024-06-17
SPOT,Spotify Technology,203,391,2024-06-11
INTC,Intel Corp.,204,375,2024-10-20
INTC,Intel Corp.,134,163,2024-10-01
INTC,Intel Corp.,261,328,2024-02-29
INTC,Intel Corp.,183,395,2023-10-24
INTC,Intel Corp.,221,315,2024-05-21
INTC,Intel Corp.,65,322,2024-01-10
INTC,Intel Corp.,103,357,2024-01-23
INTC,Intel Corp.,227,378,2024-09-02
INTC,Intel Corp.,281,321,2024-08-22
INTC,Intel Corp.,291,375,2024-02-24
INTC,Intel Corp.,193,269,2023-11-01
INTC,Intel Corp.,274,324,2023-12-01
INTC,Intel Corp.,209,371,2024-01-03
INTC,Intel Corp.,135,174,2024-09-18
INTC,Intel Corp.,107,391,2024-03-29
BABA,Alibaba Group,157,363,2023-12-17
BABA,Alibaba Group,66,91,2024-06-21
BABA,Alibaba Group,334,391,2024-06-05
BABA,Alibaba Group,191,360,2023-10-31
BABA,Alibaba Group,350,370,2023-11-15
BABA,Alibaba Group,111,361,2024-07-11
BABA,Alibaba Group,280,379,2024-05-26
BABA,Alibaba Group,180,222,2024-05-01
BABA,Alibaba Group,172,205,2024-04-02
BABA,Alibaba Group,140,284,2024-10-20
BABA,Alibaba Group,202,398,2024-05-31
BABA,Alibaba Group,218,244,2023-12-29
META,Meta Platforms,95,373,2023-12-29
META,Meta Platforms,145,309,2024-09-26
META,Meta Platforms,348,388,2024-03-31
META,Meta Platforms,269,350,2024-04-23
META,Meta Platforms,274,307,2024-04-03
META,Meta Platforms,71,360,2024-08-24
META,Meta Platforms,319,354,2024-07-01
META,Meta Platforms,91,198,2023-11-19
META,Meta Platforms,282,357,2024-07-08
META,Meta Platforms,234,267,2024-01-25
META,Meta Platforms,89,316,2024-05-06
META,Meta Platforms,79,302,2024-03-30
META,Meta Platforms,341,390,2023-12-09
META,Meta Platforms,60,375,2024-03-06
META,Meta Platforms,52,342,2024-10-04
META,Meta Platforms,196,239,2024-04-29
META,Meta Platforms,269,386,2024-08-28
META,Meta Platforms,138,218,2024-09-24
META,Meta Platforms,60,355,2024-03-15
META,Meta Platforms,71,115,2024-02-11
META,Meta Platforms,229,254,2023-10-28
META,Meta Platforms,208,241,2024-09-25
META,Meta Platforms,301,392,2024-02-08
META,Meta Platforms,93,274,2024-06-08
META,Meta Platforms,61,375,2024-04-22
META,Meta Platforms,342,368,2023-11-19
META,Meta Platforms,251,311,2024-08-30
META,Meta Platforms,229,304,2024-05-24
META,Meta Platforms,164,261,2024-10-17
DIS,Walt Disney Co.,285,394,2024-10-05
DIS,Walt Disney Co.,167,294,2024-09-27
DIS,Walt Disney Co.,233,356,2023-12-19
DIS,Walt Disney Co.,153,217,2023-12-25
DIS,Walt Disney Co.,210,332,2024-02-18
DIS,Walt Disney Co.,177,198,2024-07-24
DIS,Walt Disney Co.,149,361,2024-04-21
DIS,Walt Disney Co.,180,277,2023-11-21
DIS,Walt Disney Co.,333,370,2024-03-14
DIS,Walt Disney Co.,214,315,2024-10-19
DIS,Walt Disney Co.,350,382,2024-10-07
DIS,Walt Disney Co.,127,222,2024-04-04
DIS,Walt Disney Co.,113,231,2023-11-20
DIS,Walt Disney Co.,349,366,2024-05-09
SNAP,Snap Inc.,129,387,2024-01-25
SNAP,Snap Inc.,221,310,2024-07-21
SNAP,Snap Inc.,56,334,2023-11-21
SNAP,Snap Inc.,180,198,2024-07-02
SNAP,Snap Inc.,239,263,2024-08-29
SNAP,Snap Inc.,115,335,2024-04-06
SNAP,Snap Inc.,265,379,2024-05-15
SNAP,Snap Inc.,95,279,2024-01-03
SNAP,Snap Inc.,308,366,2024-04-04
SNAP,Snap Inc.,299,348,2024-01-30
SNAP,Snap Inc.,138,192,2023-12-12
SNAP,Snap Inc.,263,328,2024-05-15
SNAP,Snap Inc.,331,376,2024-07-14
SNAP,Snap Inc.,294,316,2024-08-01
SNAP,Snap Inc.,92,117,2024-07-22
SNAP,Snap Inc.,128,280,2024-07-08
SNAP,Snap Inc.,95,189,2024-06-28
SNAP,Snap Inc.,349,397,2024-03-04
AMZN,Amazon.com Inc.,177,370,2024-04-19
AMZN,Amazon.com Inc.,78,169,2024-05-11
AMZN,Amazon.com Inc.,177,276,2024-07-16
AMZN,Amazon.com Inc.,122,275,2024-02-04
AMZN,Amazon.com Inc.,333,353,2024-09-10
AMZN,Amazon.com Inc.,136,365,2024-03-26
AMZN,Amazon.com Inc.,270,376,2024-10-01
AMZN,Amazon.com Inc.,247,329,2024-05-08
AMZN,Amazon.com Inc.,281,320,2024-10-15
AMZN,Amazon.com Inc.,195,288,2024-10-21
AMZN,Amazon.com Inc.,246,352,2024-08-30
AMZN,Amazon.com Inc.,324,374,2024-07-03
AMZN,Amazon.com Inc.,70,114,2024-08-12
AMZN,Amazon.com Inc.,224,261,2023-11-11
AMZN,Amazon.com Inc.,223,337,2024-06-28
AMZN,Amazon.com Inc.,264,395,2024-05-22
AMZN,Amazon.com Inc.,205,398,2024-04-23
AMZN,Amazon.com Inc.,235,332,2024-06-20
AMZN,Amazon.com Inc.,245,344,2024-01-01
AMZN,Amazon.com Inc.,85,368,2024-04-07
ADBE,Adobe Inc.,252,266,2024-04-13
ADBE,Adobe Inc.,246,347,2024-07-10
ADBE,Adobe Inc.,177,322,2024-01-09
ADBE,Adobe Inc.,76,153,2023-12-05
ADBE,Adobe Inc.,66,331,2024-03-04
NVDA,NVIDIA Corp.,191,326,2024-02-20
NVDA,NVIDIA Corp.,290,340,2024-03-31
NVDA,NVIDIA Corp.,149,357,2024-04-08
NVDA,NVIDIA Corp.,219,315,2024-06-29
NVDA,NVIDIA Corp.,182,203,2024-09-29
NVDA,NVIDIA Corp.,195,341,2024-02-12
NVDA,NVIDIA Corp.,105,299,2024-09-09
NVDA,NVIDIA Corp.,231,248,2024-10-18
NVDA,NVIDIA Corp.,122,195,2024-09-12
NVDA,NVIDIA Corp.,150,199,2024-04-24
NVDA,NVIDIA Corp.,312,360,2024-07-11
NVDA,NVIDIA Corp.,258,361,2024-09-07
NVDA,NVIDIA Corp.,154,223,2024-08-08
NVDA,NVIDIA Corp.,184,336,2024-05-17
NVDA,NVIDIA Corp.,300,343,2024-08-02
NVDA,NVIDIA Corp.,296,346,2024-07-22
CRM,Salesforce Inc.,265,375,2024-04-09
CRM,Salesforce Inc.,334,364,2024-01-05
CRM,Salesforce Inc.,142,219,2023-12-31
CRM,Salesforce Inc.,129,376,2024-01-11
CRM,Salesforce Inc.,222,327,2024-03-25
CRM,Salesforce Inc.,78,194,2024-02-17
CRM,Salesforce Inc.,225,306,2023-11-09
CRM,Salesforce Inc.,189,252,2024-01-01
CRM,Salesforce Inc.,112,202,2023-12-25
CRM,Salesforce Inc.,309,363,2024-07-11
CRM,Salesforce Inc.,140,346,2024-05-10
CRM,Salesforce Inc.,51,312,2024-06-10
CRM,Salesforce Inc.,200,238,2024-05-05
CRM,Salesforce Inc.,345,364,2024-10-01
CRM,Salesforce Inc.,144,236,2024-01-10
DIS,Walt Disney Co.,205,400,2024-07-08
DIS,Walt Disney Co.,180,335,2024-03-18
DIS,Walt Disney Co.,69,341,2024-02-04
DIS,Walt Disney Co.,59,94,2023-11-23
DIS,Walt Disney Co.,304,345,2024-07-03
DIS,Walt Disney Co.,249,340,2023-12-08
DIS,Walt Disney Co.,190,313,2023-12-13
DIS,Walt Disney Co.,153,318,2024-02-13
DIS,Walt Disney Co.,111,179,2023-12-27
DIS,Walt Disney Co.,327,379,2024-02-24
DIS,Walt Disney Co.,335,372,2024-09-06
DIS,Walt Disney Co.,295,349,2024-04-09
DIS,Walt Disney Co.,63,100,2024-01-31
DIS,Walt Disney Co.,331,373,2023-12-07
CRM,Salesforce Inc.,233,388,2024-05-27
CRM,Salesforce Inc.,251,270,2024-01-10
CRM,Salesforce Inc.,318,385,2024-06-13
CRM,Salesforce Inc.,202,310,2024-06-29
CRM,Salesforce Inc.,213,259,2024-09-04
CRM,Salesforce Inc.,214,389,2024-08-27
CRM,Salesforce Inc.,76,316,2024-02-07
CRM,Salesforce Inc.,182,237,2024-10-06
CRM,Salesforce Inc.,259,345,2024-09-08
CRM,Salesforce Inc.,214,248,2024-05-02
CRM,Salesforce Inc.,132,281,2024-02-11
CRM,Salesforce Inc.,218,327,2023-12-20
CRM,Salesforce Inc.,334,345,2024-03-31
CRM,Salesforce Inc.,64,261,2024-02-13
CRM,Salesforce Inc.,324,358,2023-11-05
CRM,Salesforce Inc.,157,320,2024-06-08
CRM,Salesforce Inc.,340,379,2023-10-22
CRM,Salesforce Inc.,228,304,2024-03-29
CRM,Salesforce Inc.,170,214,2023-12-01
DIS,Walt Disney Co.,278,378,2024-09-05
DIS,Walt Disney Co.,115,280,2024-03-26
DIS,Walt Disney Co.,232,343,2023-12-25
DIS,Walt Disney Co.,246,292,2024-05-11
DIS,Walt Disney Co.,156,259,2024-05-13
DIS,Walt Disney Co.,159,396,2024-05-03
DIS,Walt Disney Co.,205,244,2024-03-22
GOOGL,Alphabet Inc.,239,269,2024-03-04
GOOGL,Alphabet Inc.,187,301,2024-09-18
GOOGL,Alphabet Inc.,242,316,2023-11-01
GOOGL,Alphabet Inc.,257,342,2024-01-19
GOOGL,Alphabet Inc.,191,360,2024-04-01
GOOGL,Alphabet Inc.,189,321,2024-01-23
GOOGL,Alphabet Inc.,307,389,2024-02-05
GOOGL,Alphabet Inc.,173,245,2024-06-16
GOOGL,Alphabet Inc.,80,274,2024-03-05
GOOGL,Alphabet Inc.,316,329,2023-11-23
GOOGL,Alphabet Inc.,255,340,2024-03-23
GOOGL,Alphabet Inc.,303,320,2024-03-30
GOOGL,Alphabet Inc.,303,395,2024-08-10
GOOGL,Alphabet Inc.,77,351,2023-11-23
GOOGL,Alphabet Inc.,250,339,2024-02-06
GOOGL,Alphabet Inc.,252,344,2024-04-24
GOOGL,Alphabet Inc.,180,383,2024-03-18
AMZN,Amazon.com Inc.,339,386,2024-05-16
AMZN,Amazon.com Inc.,231,249,2024-08-12
AMZN,Amazon.com Inc.,318,348,2024-06-18
AMZN,Amazon.com Inc.,171,206,2024-04-23
AMZN,Amazon.com Inc.,334,359,2023-11-28
AMZN,Amazon.com Inc.,302,322,2023-12-01
AMZN,Amazon.com Inc.,142,284,2024-02-15
AMZN,Amazon.com Inc.,123,150,2024-08-25
AMZN,Amazon.com Inc.,131,211,2024-03-24
AMZN,Amazon.com Inc.,254,325,2024-04-21
AMZN,Amazon.com Inc.,203,320,2024-02-09
AMZN,Amazon.com Inc.,327,363,2024-05-29
META,Meta Platforms,287,384,2024-07-11
META,Meta Platforms,336,385,2024-04-21
META,Meta Platforms,196,381,2024-03-31
META,Meta Platforms,234,392,2024-07-26
META,Meta Platforms,62,249,2024-09-16
META,Meta Platforms,268,319,2024-03-18
META,Meta Platforms,120,327,2024-07-04
META,Meta Platforms,341,378,2024-09-07
META,Meta Platforms,146,162,2024-01-21
META,Meta Platforms,110,238,2024-05-09
META,Meta Platforms,54,138,2024-05-06
META,Meta Platforms,86,346,2023-11-15
META,Meta Platforms,98,326,2024-07-14
META,Meta Platforms,126,195,2024-02-18
MSFT,Microsoft Corp.,147,386,2024-07-05
MSFT,Microsoft Corp.,112,339,2024-09-24
MSFT,Microsoft Corp.,96,142,2023-11-01
MSFT,Microsoft Corp.,264,296,2024-07-07
MSFT,Microsoft Corp.,216,266,2024-07-18
MSFT,Microsoft Corp.,164,302,2024-05-09
MSFT,Microsoft Corp.,229,318,2024-09-07
MSFT,Microsoft Corp.,338,355,2024-07-23
MSFT,Microsoft Corp.,350,367,2024-04-10
MSFT,Microsoft Corp.,325,384,2024-06-30
MSFT,Microsoft Corp.,321,389,2023-12-19
MSFT,Microsoft Corp.,75,183,2024-09-02
CSCO,Cisco Systems,282,399,2024-02-15
CSCO,Cisco Systems,333,370,2023-12-15
CSCO,Cisco Systems,172,400,2024-09-28
CSCO,Cisco Systems,335,352,2024-05-06
CSCO,Cisco Systems,128,292,2024-03-04
CSCO,Cisco Systems,148,292,2024-05-30
CSCO,Cisco Systems,154,362,2024-05-22
CSCO,Cisco Systems,96,143,2024-09-12
CSCO,Cisco Systems,115,134,2023-12-26
CSCO,Cisco Systems,296,319,2024-10-09
CSCO,Cisco Systems,311,386,2024-03-16
CSCO,Cisco Systems,134,283,2023-10-26
CSCO,Cisco Systems,274,376,2023-11-20
CSCO,Cisco Systems,134,322,2024-04-28
CSCO,Cisco Systems,332,371,2024-05-05
CSCO,Cisco Systems,290,302,2024-08-29
CSCO,Cisco Systems,141,280,2024-08-16
CSCO,Cisco Systems,85,210,2024-06-06
CSCO,Cisco Systems,346,357,2024-01-03
SNAP,Snap Inc.,215,386,2024-05-29
SNAP,Snap Inc.,152,180,2023-11-09
SNAP,Snap Inc.,245,333,2024-06-01
SNAP,Snap Inc.,317,394,2023-11-22
SNAP,Snap Inc.,268,396,2024-06-20
SNAP,Snap Inc.,298,393,2024-06-11
SNAP,Snap Inc.,246,286,2024-04-15
SNAP,Snap Inc.,318,384,2024-08-22
SNAP,Snap Inc.,117,275,2024-06-26
SNAP,Snap Inc.,58,291,2024-02-04
SNAP,Snap Inc.,212,301,2024-07-20
SNAP,Snap Inc.,148,169,2024-05-28
SNAP,Snap Inc.,256,320,2024-07-02
SNAP,Snap Inc.,214,344,2024-07-06
SNAP,Snap Inc.,148,346,2024-10-13
ORCL,Oracle Corp.,226,269,2024-08-02
ORCL,Oracle Corp.,129,266,2023-11-08
ORCL,Oracle Corp.,108,302,2024-02-03
ORCL,Oracle Corp.,244,313,2024-01-28
ORCL,Oracle Corp.,177,394,2024-05-05
ORCL,Oracle Corp.,107,180,2024-02-29
ORCL,Oracle Corp.,345,385,2024-04-07
ORCL,Oracle Corp.,182,222,2024-04-02
ORCL,Oracle Corp.,98,146,2023-12-02
ORCL,Oracle Corp.,151,383,2023-11-13
ORCL,Oracle Corp.,188,243,2024-10-12
ORCL,Oracle Corp.,214,339,2024-01-24
ORCL,Oracle Corp.,166,258,2024-01-22
ORCL,Oracle Corp.,219,359,2024-01-09
ORCL,Oracle Corp.,151,320,2023-11-15
ORCL,Oracle Corp.,166,185,2024-02-23
ORCL,Oracle Corp.,178,331,2023-12-19
ORCL,Oracle Corp.,285,379,2024-09-03
ORCL,Oracle Corp.,249,350,2024-06-23
ORCL,Oracle Corp.,170,236,2024-09-09
DIS,Walt Disney Co.,52,62,2024-03-28
DIS,Walt Disney Co.,83,290,2024-01-20
DIS,Walt Disney Co.,157,346,2024-04-11
DIS,Walt Disney Co.,126,341,2023-11-04
DIS,Walt Disney Co.,115,200,2024-06-03
DIS,Walt Disney Co.,114,307,2024-03-17
DIS,Walt Disney Co.,105,186,2024-06-19
DIS,Walt Disney Co.,187,201,2024-05-29
DIS,Walt Disney Co.,227,252,2024-04-28
DIS,Walt Disney Co.,173,337,2024-05-09
DIS,Walt Disney Co.,106,187,2024-10-06
DIS,Walt Disney Co.,175,370,2024-09-12
DIS,Walt Disney Co.,246,318,2024-04-12
DIS,Walt Disney Co.,156,331,2023-11-23
DIS,Walt Disney Co.,73,331,2024-02-05
DIS,Walt Disney Co.,59,334,2024-01-08
DIS,Walt Disney Co.,65,333,2024-02-20
SNAP,Snap Inc.,210,383,2023-11-02
SNAP,Snap Inc.,336,394,2024-10-19
SNAP,Snap Inc.,164,283,2024-04-28
SNAP,Snap Inc.,248,299,2023-12-14
SNAP,Snap Inc.,233,264,2024-05-28
SNAP,Snap Inc.,125,138,2024-02-11
SNAP,Snap Inc.,227,271,2024-03-24
SNAP,Snap Inc.,261,356,2024-09-11
SNAP,Snap Inc.,109,354,2024-05-12
SNAP,Snap Inc.,92,327,2024-06-04
SNAP,Snap Inc.,235,295,2023-11-10
SNAP,Snap Inc.,341,391,2024-09-25
SNAP,Snap Inc.,201,244,2023-11-23
SNAP,Snap Inc.,166,328,2024-04-06
SNAP,Snap Inc.,58,334,2024-01-15
SNAP,Snap Inc.,196,261,2024-03-08
SNAP,Snap Inc.,297,317,2024-03-08
SNAP,Snap Inc.,117,396,2024-06-12
SNAP,Snap Inc.,104,255,2023-11-26
SNAP,Snap Inc.,97,165,2023-11-15
NFLX,Netflix Inc.,294,378,2024-01-24
NFLX,Netflix Inc.,159,257,2024-02-08
NFLX,Netflix Inc.,269,357,2024-03-05
NFLX,Netflix Inc.,110,265,2024-07-22
NFLX,Netflix Inc.,237,328,2023-12-19
NFLX,Netflix Inc.,62,325,2023-12-02
NFLX,Netflix Inc.,204,276,2023-12-06
NFLX,Netflix Inc.,74,159,2024-07-15
BABA,Alibaba Group,287,324,2024-08-01
BABA,Alibaba Group,324,400,2023-12-11
BABA,Alibaba Group,116,298,2024-08-30
BABA,Alibaba Group,346,357,2023-10-27
BABA,Alibaba Group,201,262,2024-09-20
BABA,Alibaba Group,270,303,2024-03-01
BABA,Alibaba Group,105,255,2024-10-21
BABA,Alibaba Group,336,379,2024-01-08
BABA,Alibaba Group,151,390,2024-09-13
BABA,Alibaba Group,78,92,2024-06-24
BABA,Alibaba Group,197,292,2024-03-16
BABA,Alibaba Group,341,371,2024-06-19
BABA,Alibaba Group,125,191,2023-11-09
BABA,Alibaba Group,110,371,2024-03-08
BABA,Alibaba Group,193,329,2024-06-05
BABA,Alibaba Group,160,370,2024-09-26
BABA,Alibaba Group,96,112,2024-04-05
PINS,Pinterest Inc.,82,318,2024-10-09
PINS,Pinterest Inc.,319,377,2024-02-06
PINS,Pinterest Inc.,202,215,2024-05-08
PINS,Pinterest Inc.,258,389,2024-07-10
PINS,Pinterest Inc.,108,129,2024-06-14
PINS,Pinterest Inc.,210,315,2024-01-22
PINS,Pinterest Inc.,193,238,2024-06-20
PINS,Pinterest Inc.,302,379,2024-01-09
PINS,Pinterest Inc.,168,291,2024-05-08
PINS,Pinterest Inc.,265,362,2024-07-06
PINS,Pinterest Inc.,246,360,2024-03-28
PINS,Pinterest Inc.,259,326,2024-02-13
PINS,Pinterest Inc.,287,368,2024-10-10
SNAP,Snap Inc.,84,193,2024-07-28
SNAP,Snap Inc.,247,377,2023-11-29
SNAP,Snap Inc.,283,320,2024-02-14
SNAP,Snap Inc.,106,189,2024-03-21
SNAP,Snap Inc.,196,289,2024-08-31
SNAP,Snap Inc.,229,358,2024-04-22
SNAP,Snap Inc.,125,195,2024-08-21
SNAP,Snap Inc.,243,330,2024-05-03
SNAP,Snap Inc.,277,324,2024-09-24
SNAP,Snap Inc.,345,380,2023-12-14
SNAP,Snap Inc.,287,300,2024-02-24
NVDA,NVIDIA Corp.,168,219,2024-03-30
NVDA,NVIDIA Corp.,348,372,2024-10-10
NVDA,NVIDIA Corp.,74,324,2024-07-26
NVDA,NVIDIA Corp.,341,385,2024-09-17
NVDA,NVIDIA Corp.,335,365,2023-11-28
NVDA,NVIDIA Corp.,288,367,2024-10-17
NVDA,NVIDIA Corp.,66,214,2024-07-25
NVDA,NVIDIA Corp.,85,399,2024-05-03
NVDA,NVIDIA Corp.,113,194,2024-02-22
SNAP,Snap Inc.,296,316,2024-08-05
SNAP,Snap Inc.,99,372,2024-03-26
SNAP,Snap Inc.,92,121,2024-10-15
SNAP,Snap Inc.,210,357,2024-03-03
SNAP,Snap Inc.,161,338,2023-11-20
SNAP,Snap Inc.,206,326,2024-06-06
SNAP,Snap Inc.,312,339,2023-10-30
SNAP,Snap Inc.,93,318,2024-08-17
SNAP,Snap Inc.,182,302,2024-10-19
SNAP,Snap Inc.,313,362,2024-01-24
SNAP,Snap Inc.,163,360,2024-07-30
SNAP,Snap Inc.,111,285,2024-09-13
SNAP,Snap Inc.,295,340,2024-01-04
SNAP,Snap Inc.,276,347,2023-12-22
SNAP,Snap Inc.,126,253,2024-10-21
SNAP,Snap Inc.,178,393,2024-08-11
META,Meta Platforms,105,330,2024-07-26
META,Meta Platforms,194,214,2024-06-12
META,Meta Platforms,233,320,2024-05-14
META,Meta Platforms,66,320,2024-08-29
META,Meta Platforms,345,387,2024-05-24
META,Meta Platforms,148,347,2023-12-01
META,Meta Platforms,93,115,2024-07-11
META,Meta Platforms,271,319,2024-03-02
META,Meta Platforms,55,320,2023-12-01
META,Meta Platforms,312,327,2024-02-29
META,Meta Platforms,219,293,2024-08-23
META,Meta Platforms,51,175,2024-04-05
META,Meta Platforms,313,390,2024-06-22
META,Meta Platforms,331,357,2024-10-12
META,Meta Platforms,226,341,2024-09-18
META,Meta Platforms,51,235,2024-04-19
META,Meta Platforms,274,299,2024-08-23
META,Meta Platforms,70,181,2024-08-06
SNAP,Snap Inc.,300,387,2024-08-20
SNAP,Snap Inc.,208,296,2024-01-17
SNAP,Snap Inc.,141,236,2024-06-23
SNAP,Snap Inc.,81,356,2024-01-25
SNAP,Snap Inc.,237,384,2024-08-03
SNAP,Snap Inc.,128,328,2024-04-02
SNAP,Snap Inc.,51,288,2024-09-24
SNAP,Snap Inc.,76,356,2024-07-07
SNAP,Snap Inc.,271,285,2023-12-21
SNAP,Snap Inc.,257,328,2024-02-18
SNAP,Snap Inc.,62,178,2024-07-10
SNAP,Snap Inc.,167,262,2024-08-21
SNAP,Snap Inc.,151,392,2023-11-01
SNAP,Snap Inc.,67,386,2024-05-30
SNAP,Snap Inc.,208,307,2024-08-08
SNAP,Snap Inc.,291,343,2024-10-11
SNAP,Snap Inc.,166,357,2024-04-25
SNAP,Snap Inc.,62,331,2024-07-12
CSCO,Cisco Systems,122,139,2024-02-26
CSCO,Cisco Systems,256,384,2023-11-07
CSCO,Cisco Systems,100,184,2024-01-23
CSCO,Cisco Systems,224,395,2023-11-04
CSCO,Cisco Systems,254,368,2024-01-09
CSCO,Cisco Systems,240,336,2023-11-01
CSCO,Cisco Systems,176,303,2024-05-16
SPOT,Spotify Technology,236,290,2024-10-01
SPOT,Spotify Technology,160,268,2023-12-29
SPOT,Spotify Technology,50,383,2024-09-21
SPOT,Spotify Technology,62,208,2024-07-30
SPOT,Spotify Technology,329,396,2023-12-25
SPOT,Spotify Technology,84,94,2024-04-29
SPOT,Spotify Technology,300,314,2023-12-23
SPOT,Spotify Technology,333,384,2023-11-23
SPOT,Spotify Technology,215,278,2024-08-02
NFLX,Netflix Inc.,72,282,2023-11-05
NFLX,Netflix Inc.,268,290,2024-05-30
NFLX,Netflix Inc.,80,114,2024-07-12
NFLX,Netflix Inc.,261,391,2024-05-14
NFLX,Netflix Inc.,213,322,2024-02-15
NFLX,Netflix Inc.,348,385,2023-11-04
NFLX,Netflix Inc.,82,247,2024-09-16
CSCO,Cisco Systems,120,284,2024-07-12
CSCO,Cisco Systems,346,379,2024-09-12
CSCO,Cisco Systems,155,206,2024-04-27
CSCO,Cisco Systems,212,291,2023-11-06
CSCO,Cisco Systems,303,388,2024-06-09
CSCO,Cisco Systems,265,299,2024-02-20
CSCO,Cisco Systems,304,335,2024-04-11
CSCO,Cisco Systems,52,99,2024-07-18
CSCO,Cisco Systems,86,135,2024-06-17
CSCO,Cisco Systems,296,398,2024-09-14
CSCO,Cisco Systems,296,328,2024-01-17
CSCO,Cisco Systems,290,391,2024-06-26
CSCO,Cisco Systems,333,355,2024-01-15
CSCO,Cisco Systems,169,374,2024-02-28
CSCO,Cisco Systems,220,270,2024-04-15
CSCO,Cisco Systems,131,228,2024-07-02
CSCO,Cisco Systems,245,255,2023-11-08
BABA,Alibaba Group,66,177,2024-02-12
BABA,Alibaba Group,287,383,2024-09-25
BABA,Alibaba Group,309,354,2024-10-06
BABA,Alibaba Group,342,377,2024-07-03
BABA,Alibaba Group,158,251,2023-11-26
BABA,Alibaba Group,196,335,2024-07-21
BABA,Alibaba Group,73,359,2024-02-17
BABA,Alibaba Group,302,373,2024-10-05
BABA,Alibaba Group,340,394,2024-05-13
BABA,Alibaba Group,324,338,2024-02-16
BABA,Alibaba Group,54,133,2023-11-16
BABA,Alibaba Group,150,280,2024-04-23
BABA,Alibaba Group,185,292,2024-04-14
BABA,Alibaba Group,188,212,2024-09-22
BABA,Alibaba Group,111,151,2024-08-22
BABA,Alibaba Group,105,381,2024-10-01
BABA,Alibaba Group,164,274,2024-01-14
BABA,Alibaba Group,348,367,2024-08-26
GOOGL,Alphabet Inc.,317,369,2024-01-23
GOOGL,Alphabet Inc.,72,169,2024-07-05
GOOGL,Alphabet Inc.,287,381,2024-03-11
GOOGL,Alphabet Inc.,263,329,2024-03-03
GOOGL,Alphabet Inc.,239,286,2024-10-13
GOOGL,Alphabet Inc.,301,354,2024-02-23
GOOGL,Alphabet Inc.,78,88,2024-07-20
GOOGL,Alphabet Inc.,226,277,2024-02-08
GOOGL,Alphabet Inc.,272,361,2024-10-06
GOOGL,Alphabet Inc.,345,388,2023-12-05
GOOGL,Alphabet Inc.,50,166,2024-07-05
GOOGL,Alphabet Inc.,164,239,2024-03-14
IBM,International Business Machines,169,192,2024-03-26
IBM,International Business Machines,166,291,2023-11-11
IBM,International Business Machines,105,281,2024-07-14
IBM,International Business Machines,316,348,2023-11-25
IBM,International Business Machines,118,267,2024-09-11
IBM,International Business Machines,192,292,2024-10-04
IBM,International Business Machines,190,236,2024-07-16
INTC,Intel Corp.,156,398,2024-05-09
INTC,Intel Corp.,288,308,2024-09-06
INTC,Intel Corp.,303,360,2024-05-23
INTC,Intel Corp.,185,330,2024-08-10
INTC,Intel Corp.,74,282,2024-09-19
INTC,Intel Corp.,218,389,2024-05-22
INTC,Intel Corp.,172,186,2024-05-26
INTC,Intel Corp.,190,395,2024-05-07
INTC,Intel Corp.,200,264,2024-02-29
INTC,Intel Corp.,274,350,2024-08-06
INTC,Intel Corp.,217,393,2024-08-08
INTC,Intel Corp.,101,357,2024-03-01
INTC,Intel Corp.,300,330,2024-09-26
INTC,Intel Corp.,160,220,2024-01-05
INTC,Intel Corp.,231,325,2024-10-18
INTC,Intel Corp.,251,393,2024-08-06
INTC,Intel Corp.,232,393,2024-06-22
INTC,Intel Corp.,295,361,2024-02-04
INTC,Intel Corp.,294,383,2023-11-16
INTC,Intel Corp.,134,274,2024-08-11
GOOGL,Alphabet Inc.,51,257,2023-12-26
GOOGL,Alphabet Inc.,101,149,2024-04-06
GOOGL,Alphabet Inc.,175,280,2023-11-13
GOOGL,Alphabet Inc.,107,228,2023-11-02
GOOGL,Alphabet Inc.,67,200,2024-09-28
GOOGL,Alphabet Inc.,161,393,2024-01-15
GOOGL,Alphabet Inc.,198,355,2024-07-25
GOOGL,Alphabet Inc.,234,359,2023-11-01
GOOGL,Alphabet Inc.,52,144,2023-11-06
GOOGL,Alphabet Inc.,87,174,2024-09-16
GOOGL,Alphabet Inc.,101,195,2024-03-04
GOOGL,Alphabet Inc.,275,350,2024-09-03
GOOGL,Alphabet Inc.,180,306,2024-09-04
NVDA,NVIDIA Corp.,315,370,2024-06-14
NVDA,NVIDIA Corp.,285,327,2023-11-13
NVDA,NVIDIA Corp.,272,387,2024-03-08
NVDA,NVIDIA Corp.,189,375,2024-08-22
NVDA,NVIDIA Corp.,112,252,2024-05-25
NVDA,NVIDIA Corp.,243,264,2024-10-11
NVDA,NVIDIA Corp.,113,184,2023-10-23
NVDA,NVIDIA Corp.,217,306,2024-03-20
NVDA,NVIDIA Corp.,301,344,2023-11-09
NVDA,NVIDIA Corp.,93,108,2024-05-10
NVDA,NVIDIA Corp.,193,400,2024-05-06
NVDA,NVIDIA Corp.,136,161,2024-04-11
GOOGL,Alphabet Inc.,200,335,2023-11-20
GOOGL,Alphabet Inc.,228,318,2024-05-02
GOOGL,Alphabet Inc.,224,332,2024-02-01
GOOGL,Alphabet Inc.,82,189,2024-02-16
GOOGL,Alphabet Inc.,257,327,2024-07-18
GOOGL,Alphabet Inc.,72,270,2024-07-21
GOOGL,Alphabet Inc.,185,336,2024-04-07
GOOGL,Alphabet Inc.,243,265,2024-02-07
GOOGL,Alphabet Inc.,79,177,2023-11-14
GOOGL,Alphabet Inc.,172,231,2024-08-23
GOOGL,Alphabet Inc.,318,367,2024-08-01
GOOGL,Alphabet Inc.,305,392,2024-06-10
GOOGL,Alphabet Inc.,253,334,2023-11-15
GOOGL,Alphabet Inc.,335,364,2024-07-21
GOOGL,Alphabet Inc.,54,295,2024-03-05
GOOGL,Alphabet Inc.,277,384,2024-03-19
GOOGL,Alphabet Inc.,303,357,2023-12-03
GOOGL,Alphabet Inc.,126,251,2024-02-23
CSCO,Cisco Systems,74,228,2024-06-28
CSCO,Cisco Systems,347,360,2024-07-14
CSCO,Cisco Systems,245,349,2024-03-12
CSCO,Cisco Systems,164,382,2023-11-17
CSCO,Cisco Systems,236,293,2023-11-13
CSCO,Cisco Systems,195,367,2024-06-24
CSCO,Cisco Systems,300,384,2024-02-06
CSCO,Cisco Systems,56,294,2024-02-16
CSCO,Cisco Systems,98,267,2024-05-13
CSCO,Cisco Systems,194,267,2023-11-11
CSCO,Cisco Systems,60,371,2024-07-23
DIS,Walt Disney Co.,197,392,2024-03-09
DIS,Walt Disney Co.,176,194,2023-10-22
DIS,Walt Disney Co.,102,386,2024-06-20
DIS,Walt Disney Co.,71,165,2024-03-28
DIS,Walt Disney Co.,100,387,2024-01-20
DIS,Walt Disney Co.,147,173,2024-06-13
TSLA,Tesla Inc.,263,312,2024-05-07
TSLA,Tesla Inc.,260,384,2023-11-19
TSLA,Tesla Inc.,66,295,2023-10-31
TSLA,Tesla Inc.,213,339,2024-10-05
TSLA,Tesla Inc.,133,158,2024-09-08
TSLA,Tesla Inc.,197,287,2023-10-24
TSLA,Tesla Inc.,153,188,2023-11-04
TSLA,Tesla Inc.,78,171,2024-04-04
TSLA,Tesla Inc.,117,143,2024-09-19
TSLA,Tesla Inc.,297,362,2024-07-21
TSLA,Tesla Inc.,306,378,2024-03-29
TSLA,Tesla Inc.,200,318,2024-03-22
TSLA,Tesla Inc.,208,326,2024-10-06
TSLA,Tesla Inc.,202,349,2023-11-06
TSLA,Tesla Inc.,192,310,2023-12-02
AMZN,Amazon.com Inc.,273,379,2024-09-29
AMZN,Amazon.com Inc.,319,379,2024-09-03
AMZN,Amazon.com Inc.,294,362,2024-05-18
AMZN,Amazon.com Inc.,255,271,2024-09-04
AMZN,Amazon.com Inc.,249,286,2023-12-19
ORCL,Oracle Corp.,209,288,2024-01-08
ORCL,Oracle Corp.,227,258,2023-12-29
ORCL,Oracle Corp.,297,386,2024-06-17
ORCL,Oracle Corp.,122,305,2024-06-15
ORCL,Oracle Corp.,255,398,2024-08-11
ORCL,Oracle Corp.,188,373,2023-12-23
ORCL,Oracle Corp.,189,243,2023-12-28
ORCL,Oracle Corp.,314,336,2023-11-14
ORCL,Oracle Corp.,275,316,2023-10-28
ORCL,Oracle Corp.,89,129,2024-07-08
PINS,Pinterest Inc.,186,229,2023-12-08
PINS,Pinterest Inc.,234,282,2023-12-08
PINS,Pinterest Inc.,84,203,2024-04-17
PINS,Pinterest Inc.,343,367,2023-11-23
PINS,Pinterest Inc.,164,313,2024-09-12
PINS,Pinterest Inc.,214,362,2024-05-06
PINS,Pinterest Inc.,154,289,2024-01-08
PINS,Pinterest Inc.,114,364,2024-04-12
PINS,Pinterest Inc.,346,386,2024-05-13
PINS,Pinterest Inc.,120,346,2023-10-25
PINS,Pinterest Inc.,109,325,2024-07-14
PINS,Pinterest Inc.,345,388,2024-07-27
PINS,Pinterest Inc.,239,250,2024-05-08
PINS,Pinterest Inc.,316,365,2024-02-07
PINS,Pinterest Inc.,105,308,2024-06-12
PINS,Pinterest Inc.,161,257,2024-04-25
PINS,Pinterest Inc.,251,313,2024-10-01
PINS,Pinterest Inc.,115,125,2023-11-14
PINS,Pinterest Inc.,245,363,2024-03-04
PINS,Pinterest Inc.,181,317,2024-04-10
NFLX,Netflix Inc.,140,213,2024-02-16
NFLX,Netflix Inc.,240,297,2023-12-24
NFLX,Netflix Inc.,251,300,2024-06-07
NFLX,Netflix Inc.,216,311,2024-01-26
NFLX,Netflix Inc.,339,376,2024-08-20
NFLX,Netflix Inc.,119,382,2024-09-13
NFLX,Netflix Inc.,286,398,2024-04-07
NFLX,Netflix Inc.,263,383,2024-04-22
NFLX,Netflix Inc.,285,381,2024-08-18
NFLX,Netflix Inc.,177,311,2024-08-04
NFLX,Netflix Inc.,274,353,2024-06-09
NFLX,Netflix Inc.,302,389,2024-09-16
SNAP,Snap Inc.,102,202,2024-09-20
SNAP,Snap Inc.,169,198,2024-03-29
SNAP,Snap Inc.,300,383,2024-04-24
SNAP,Snap Inc.,330,386,2024-06-29
SNAP,Snap Inc.,300,372,2023-10-23
AAPL,Apple Inc.,282,355,2024-10-12
AAPL,Apple Inc.,140,230,2024-01-01
AAPL,Apple Inc.,241,318,2024-05-13
AAPL,Apple Inc.,155,199,2024-03-01
AAPL,Apple Inc.,60,229,2024-05-16
AAPL,Apple Inc.,247,389,2024-08-18
AAPL,Apple Inc.,81,313,2024-09-12
NFLX,Netflix Inc.,269,349,2024-10-17
NFLX,Netflix Inc.,254,356,2023-11-30
NFLX,Netflix Inc.,96,251,2024-10-03
NFLX,Netflix Inc.,59,397,2024-08-12
NFLX,Netflix Inc.,51,373,2024-01-31
NFLX,Netflix Inc.,72,393,2023-10-29
NFLX,Netflix Inc.,212,386,2024-07-20
NFLX,Netflix Inc.,230,375,2024-04-18
NFLX,Netflix Inc.,156,383,2023-11-21
NFLX,Netflix Inc.,89,125,2024-08-02
NFLX,Netflix Inc.,243,343,2024-03-20
NFLX,Netflix Inc.,145,280,2024-09-12
NFLX,Netflix Inc.,79,311,2023-12-17
NFLX,Netflix Inc.,249,400,2024-04-02
NFLX,Netflix Inc.,130,263,2024-05-14
NFLX,Netflix Inc.,339,391,2024-04-25
NFLX,Netflix Inc.,327,387,2024-04-05
NFLX,Netflix Inc.,319,356,2024-03-30
NFLX,Netflix Inc.,113,322,2024-04-22
NFLX,Netflix Inc.,69,150,2024-07-20
AMZN,Amazon.com Inc.,298,372,2023-11-29
AMZN,Amazon.com Inc.,99,240,2023-12-24
AMZN,Amazon.com Inc.,157,308,2024-02-20
AMZN,Amazon.com Inc.,151,380,2024-07-20
AMZN,Amazon.com Inc.,66,167,2024-02-29
AMZN,Amazon.com Inc.,85,233,2024-01-12
AMZN,Amazon.com Inc.,264,325,2024-10-20
AMZN,Amazon.com Inc.,286,354,2024-02-13
AMZN,Amazon.com Inc.,322,351,2024-07-24
AMZN,Amazon.com Inc.,54,254,2024-08-28
AMZN,Amazon.com Inc.,336,385,2024-08-05
AMZN,Amazon.com Inc.,151,375,2024-04-23
AMZN,Amazon.com Inc.,217,321,2024-01-22
AMZN,Amazon.com Inc.,248,378,2024-09-26
AMZN,Amazon.com Inc.,134,200,2024-01-10
AMZN,Amazon.com Inc.,176,318,2024-04-06
AMZN,Amazon.com Inc.,150,318,2024-05-11
AMZN,Amazon.com Inc.,114,161,2024-04-29
DIS,Walt Disney Co.,259,308,2024-09-12
DIS,Walt Disney Co.,202,246,2024-02-27
DIS,Walt Disney Co.,271,346,2024-04-25
DIS,Walt Disney Co.,188,240,2024-05-25
DIS,Walt Disney Co.,114,199,2023-12-02
DIS,Walt Disney Co.,311,364,2024-01-23
DIS,Walt Disney Co.,88,269,2024-07-06
DIS,Walt Disney Co.,278,289,2024-07-29
GOOGL,Alphabet Inc.,203,295,2024-09-24
GOOGL,Alphabet Inc.,242,329,2024-07-24
GOOGL,Alphabet Inc.,322,372,2024-07-12
GOOGL,Alphabet Inc.,200,326,2024-04-19
GOOGL,Alphabet Inc.,332,393,2024-05-26
UBER,Uber Technologies,116,171,2024-02-29
UBER,Uber Technologies,185,225,2024-03-24
UBER,Uber Technologies,215,241,2024-07-20
UBER,Uber Technologies,58,119,2023-11-14
UBER,Uber Technologies,85,244,2024-01-03
UBER,Uber Technologies,331,394,2024-06-28
UBER,Uber Technologies,142,323,2024-02-14
UBER,Uber Technologies,317,346,2024-08-12
UBER,Uber Technologies,164,331,2023-11-29
UBER,Uber Technologies,161,383,2024-07-15
UBER,Uber Technologies,316,369,2024-02-25
UBER,Uber Technologies,238,376,2024-09-05
UBER,Uber Technologies,184,199,2024-02-28
